{"cameraMode":{"drawMode":0,"name":"Shaded","section":"Shading Mode"},"sceneLighting":false,"audioPlay":false,"sceneViewState":{"m_AlwaysRefresh":false,"showFog":true,"showSkybox":false,"showFlares":true,"showImageEffects":true,"showParticleSystems":true,"showVisualEffectGraphs":true,"m_FxEnabled":true},"in2DMode":false,"pivot":{"x":0.8305916786193848,"y":-0.7484198808670044,"z":1.0942022800445557},"rotation":{"x":-0.18664948642253877,"y":-0.024462375789880754,"z":0.004649004898965359,"w":-0.9821103811264038},"size":0.4330126941204071,"orthographic":false}