{"cameraMode":{"drawMode":0,"name":"Shaded","section":"Shading Mode"},"sceneLighting":true,"audioPlay":false,"sceneViewState":{"m_AlwaysRefresh":false,"showFog":true,"showSkybox":true,"showFlares":true,"showImageEffects":true,"showParticleSystems":true,"showVisualEffectGraphs":true,"m_FxEnabled":true},"in2DMode":false,"pivot":{"x":0.3795868754386902,"y":-2.7086410522460939,"z":-4.864032745361328},"rotation":{"x":-0.5066606402397156,"y":-0.000778788176830858,"z":0.0004575249913614243,"w":-0.8621408939361572},"size":7.72178316116333,"orthographic":false}