{"cameraMode":{"drawMode":0,"name":"Shaded","section":"Shading Mode"},"sceneLighting":true,"audioPlay":false,"sceneViewState":{"m_AlwaysRefresh":false,"showFog":true,"showSkybox":true,"showFlares":true,"showImageEffects":true,"showParticleSystems":true,"showVisualEffectGraphs":true,"m_FxEnabled":true},"in2DMode":false,"pivot":{"x":206.2853546142578,"y":465.3798522949219,"z":-142.58465576171876},"rotation":{"x":-0.05877299606800079,"y":-0.009885856881737709,"z":0.0005837835487909615,"w":-0.9982185363769531},"size":196.29930114746095,"orthographic":true}